word,count
*,30400
た,14021
ます,10155
です,8233
美味しい,4484
作る,4052
する,3000
日,2980
だ,2837
誕生,2479
ケーキ,2378
大,1998
おいしい,1831
チョコ,1573
好評,1439
バレンタイン,1370
レシピ,1306
また,1191
喜ぶ,1139
旦那,1069
お,1009
食べる,984
回,964
初,873
できる,854
スポンジ,836
ありがとう,821
濃厚,801
目,782
くれる,770
なる,755
しっとり,741
何,736
友達,718
家族,701
ない,693
とっても,662
美味,659
感謝,639
たい,636
娘,603
絶賛,589
初めて,573
簡単,542
味,537
れる,530
笑,527
用,525
息子,515
の,502
彼,495
クリスマス,492
クリーム,486
彼氏,483
ござる,467
度,464
さん,463
り,455
最高,436
もらえる,436
出来る,432
とても,429
好き,422
この,419
大好き,414
いる,411
すごい,406
決定,379
今回,378
ちゃう,374
みたい,373
店,370
みんな,369
素敵,361
みる,346
さ,343
すぎる,342
作れる,340
これ,337
成功,325
楽しみ,324
プレゼント,318
２,317
てる,312
感動,307
子供,304
明日,295
言う,289
ん,284
うまい,280
主人,279
今年,276
型,275
失敗,270
ぽい,268
私,267
絶対,259
実は,251
本当に,246
母,244
やっぱり,241
もう,236
感激,229
記念,229
め,228
やすい,227
二,227
喜び,226
満足,220
歳,219
お世話,215
ずっと,213
チョコレート,209
自分,208
挑戦,208
人,207
せる,206
ふわふわ,205
リクエスト,205
ぬ,202
ココア,201
めっちゃ,200
レポ,198
焼く,197
夫,196
超,195
く,191
結婚,188
次,180
いつも,180
膨らむ,179
父,178
ま,178
作り,177
つくる,172
ウマ,170
甘い,169
子,167
見た目,166
つくれる,164
様,162
られる,162
一,161
パパ,160
そう,159
３,158
中,157
頂く,155
前,155
幸せ,153
バースデー,153
思う,152
１,148
今,148
すっごい,145
まれ,142
いただく,138
練習,137
皆,135
ちょっと,131
買う,131
すぎ,130
嬉しい,130
もらう,130
わかる,130
上手,128
会,125
やっと,125
丁寧,124
いい,123
一緒,123
今日,122
今度,121
あげる,121
少し,120
早い,117
しまう,115
激,114
達,113
生,112
いく,112
分かる,112
褒める,111
とる,111
う,110
一番,106
くる,105
綺麗,104
度目,104
頑張る,103
持つ,101
妹,101
上手い,101
写真,98
気,97
祝い,97
年,97
渡す,97
ありがと,96
たっぷり,95
ホール,95
凄い,95
苦手,93
よい,89
す,88
もっと,88
お祝い,86
難しい,86
友人,85
良い,85
焼ける,85
形,84
ある,84
絶品,84
４,83
お気に入り,83
去年,83
いう,82
生地,81
これから,80
定番,80
よう,79
人気,78
でも,78
食,78
こんなに,77
入れる,77
遅い,77
毎年,77
過ぎる,76
美味い,76
悪い,75
弟,74
行く,74
段,74
完,73
日用,72
パーティー,72
為,72
楽しい,71
味見,71
完成,70
職場,69
ため,69
参考,69
たまる,68
個,68
うま,68
方,67
大人,66
さすが,66
かける,66
姉,65
ホント,64
かなり,64
デコレーション,63
やる,62
ハート,62
台,62
実家,62
たち,61
こんな,61
感,61
我が家,61
屋,61
っ子,60
本番,60
まくる,60
試作,60
毎回,60
ほんとに,59
側面,59
時,59
説明,59
姪,59
三,59
ほんと,58
５,58
的,58
びっくり,57
生クリーム,57
層,57
以上,57
大人気,55
忘れる,55
高い,55
本格,55
ホワイト,55
売る,54
またまた,54
苺,53
久々,53
塗る,52
カット,52
おかげ,52
サンド,51
めちゃくちゃ,51
初心者,51
挟む,51
こと,50
バレンタインデー,50
手土産,50
長男,50
たまらない,49
バナナ,49
切る,49
ごちそうさま,49
使う,49
足りる,49
確定,48
本当,48
抹茶,48
間違い,48
ご,47
パウダー,47
周り,47
もる,46
ミルク,46
ママ,46
貰える,45
両親,45
半分,45
ちゃん,45
久しぶり,45
作,45
甥,44
決める,44
もの,44
上,43
子ども,43
小,43
る,43
すぐ,42
次回,42
粉,42
続く,42
砂糖,41
入り,41
イチゴ,41
売り物,41
誉める,41
汚い,41
のせる,41
通り,40
後,40
分量,40
下手,39
有難う,39
翌日,39
手作り,39
フワフワ,39
間,39
納得,39
早速,39
家,39
本命,39
連続,39
たつ,38
固い,38
時間,38
あまり,38
旨,38
ビター,37
ご馳走様,37
義父,37
枝,37
友,37
すみません,37
感じ,37
まだ,37
やっぱ,37
ビックリ,36
売れる,36
番,36
全員,36
お母さん,36
くい,36
義母,36
大変,36
固まる,36
お父さん,36
神,36
なんとか,35
あっという間に,35
スライス,35
さま,34
撮る,34
評判,34
０,33
まぁ,33
しま,33
不器用,33
置く,32
作成,32
即,32
チャレンジ,32
昨日,31
汗,31
きれい,31
イマイチ,31
豪華,31
キレイ,31
いっぱい,31
乗せる,31
パーティ,30
人生,30
最後,30
ダンナ,30
ラム,30
断面,30
必ず,30
余る,30
寝かせる,30
なくなる,29
切れ,29
早め,29
こちら,29
意外と,29
めちゃめちゃ,29
枚,29
つ,29
雑,29
来年,28
うち,28
つく,28
分,28
コーティング,28
ふう,28
ブラック,28
先輩,28
助かる,28
涙,28
表面,28
位,28
量,27
アレンジ,27
号,27
お菓子,27
控えめ,27
ふんわり,27
祝,27
品,27
ファン,27
はじめて,27
市販,27
可愛い,27
大切,26
飾る,26
仕上げ,26
決まる,26
憧れる,26
残念,26
兄,26
作り方,26
今夜,26
洋酒,26
才,26
センチ,26
数,26
抜群,25
とろける,25
クルミ,25
泡立てる,25
夜,25
親友,25
晩,25
相変わらず,25
事,25
残る,24
次男,24
土産,24
念願,24
間違える,24
やつ,24
虜,24
頼む,24
あ,24
ふる,23
何とか,23
ちゃんと,23
来る,23
予定,23
想像,23
詳しい,23
昨年,23
旨い,23
ステキ,23
いびつ,23
ぶり,23
会社,23
笑顔,22
小さい,22
我慢,22
物,22
酒,22
サイズ,22
続ける,22
見る,22
易い,22
前回,22
出る,22
スクエア,22
もちろん,22
嬉,22
ヶ月,21
微妙,21
出す,21
君,21
かかる,21
有難い,21
素晴らしい,21
又,21
ちる,21
牛乳,21
クッキー,21
あと,20
気に入る,20
たくさん,20
うれしい,20
先,20
デー,20
ごめんなさい,20
学校,20
６,20
倍,20
再,20
待つ,20
確実,20
教える,19
ハマる,19
残り,19
卵,19
配る,19
２つ,19
風,19
出来,19
長女,19
無い,19
始める,19
口,19
冷やす,19
いつ,19
手順,19
宅,19
しっかり,18
思える,18
おく,18
バージョン,18
材料,18
周年,18
使用,18
工程,18
混ぜる,18
きれる,18
ばあちゃん,18
多め,18
がんばる,18
出来上がる,17
全部,17
たべる,17
ごく,17
トッピング,17
丸,17
ドキドキ,17
いちご,17
そして,17
完売,17
アーモンド,17
無し,17
下,17
ハロウィン,17
しかも,17
毎度,17
鉄板,17
いまいち,16
さらに,16
いし,16
いれる,16
合格,16
予行,16
はさむ,16
無事,16
少ない,16
まさに,16
ほん,16
き,16
遅れ,16
仕上がる,16
言葉,16
親切,16
お正月,16
プロ,16
手間,16
コツ,16
仕上がり,16
女子,16
今月,16
差し入れ,16
以前,15
出会える,15
だんな,15
もつ,15
卒業,15
したう,15
大きい,15
まっ,15
最強,15
クリ,15
保存,15
シンプル,15
板,15
自宅,15
ムース,15
好物,15
やばい,15
いかる,15
前日,15
多い,15
こども,15
相方,15
プレ,15
かわり,15
沢山,14
持参,14
ほとんど,14
凸凹,14
よく,14
顔,14
同僚,14
変わる,14
ずーっと,14
ほめる,14
夫婦,14
不恰好,14
更に,14
仕様,14
二つ,14
万,14
嫁,14
焼き,14
イベント,14
お裾分け,14
四,14
バッチリ,14
バター,14
ご馳走,13
見える,13
しつこい,13
ふくらむ,13
甲斐,13
ちょ,13
緩い,13
よろこぶ,13
遅れる,13
驚き,13
祭り,13
器,13
デザート,13
特別,13
持ち寄り,13
ついに,13
十,13
リッチ,13
不足,13
なれる,13
毎日,13
コーヒー,13
勝負,13
かな,13
ダーリン,13
トリュフ,13
一気に,13
不格好,13
や,13
おい,13
冷凍,13
のり,13
自信,13
不細工,13
途中,13
まま,13
飾り,12
変,12
っぽい,12
金粉,12
本日,12
一足,12
近所,12
っす,12
ひな祭り,12
お客様,12
つき,12
すき,12
込める,12
どうも,12
解る,12
以外,12
半量,12
出せる,12
入れ忘れる,12
柔らかい,12
反応,12
硬い,12
おもてなし,12
中身,12
驚く,12
胡桃,12
止まる,12
苦戦,12
送る,12
親戚,12
贅沢,12
ブランデー,12
すいません,12
ふっくら,11
うん,11
添える,11
普段,11
気分,11
帰る,11
ミニ,11
有り難い,11
ふわっ,11
試食,11
より,11
落ちる,11
付ける,11
９,11
待てる,11
週間,11
断然,11
独り占め,11
違う,11
大事,11
やみつく,11
あっさり,11
たのしむ,11
サマ,11
それ,11
楽しむ,11
細かい,11
貰う,11
完璧,11
い,11
還暦,11
高,11
割れる,11
縮む,11
はり,11
とりこ,11
入る,11
たより,11
させる,10
そ,10
出産,10
横,10
親,10
わたし,10
友だち,10
負ける,10
はず,10
四角い,10
バイト,10
こっち,10
カップ,10
ワン,10
共,10
今更,10
重ねる,10
雛,10
特に,10
思わず,10
聞く,10
絶妙,10
誰,10
飾り付ける,10
オレンジ,10
贈り物,10
上がる,10
くん,10
手,10
リ,10
ぴったり,10
あんまり,10
かわいい,10
切れる,10
ジャム,10
ちょうど,10
フルーツ,10
糖,10
マス,10
高級,10
ずっしり,10
どっしり,9
ちょい,9
点,9
四角,9
すっかり,9
角,9
ミニサイズ,9
つもり,9
ぺろり,9
皆さん,9
抜く,9
カロリー,9
ばっちい,9
なかなか,9
こ,9
マジ,9
嫌い,9
送別,9
引き続く,9
冷蔵庫,9
マン,9
冬,9
切り,9
上出来,9
その,9
抜き,9
彼女,9
振る,9
天才,9
名前,9
ものすごい,9
時期,9
パクパク,9
無くなる,9
姉ちゃん,9
とき,9
ほぼ,9
天,9
うまる,9
ホット,9
ランチ,9
常温,9
好み,9
純,9
カバー,9
投稿,9
しる,9
クランチ,9
白,9
甘党,9
急ぐ,9
覚える,9
中毒,9
ごと,9
祖母,9
重い,9
安定,9
軽い,8
ちょこ,8
どう,8
濃い,8
愛情,8
待ち遠しい,8
どこ,8
ｃｍ,8
皿,8
成人,8
大丈夫,8
父親,8
愛する,8
今晩,8
溶ける,8
載せる,8
立て,8
書く,8
だいぶ,8
失礼,8
お返し,8
予想,8
代用,8
修行,8
仕上げる,8
上達,8
意外,8
近々,8
にくい,8
次女,8
いける,8
変える,8
生まれる,8
太る,8
トライ,8
数え切れる,8
ごい,8
減らす,8
金箔,8
癖,8
つける,8
朝,8
つまみ食い,8
程,8
パイ,8
倍量,8
喜,8
部活,8
すてき,8
ナッツ,8
ほっぺ,8
催促,8
希望,8
義理,8
見栄え,8
合う,8
だい,8
手抜き,8
ゆるい,8
せがむ,8
相性,8
半年,8
既に,8
隠す,8
卵白,8
丁度,8
先生,8
合同,8
色,8
感想,8
写,8
男子,8
他,8
土台,8
足る,8
連発,8
実,8
腕,8
あう,8
もう少し,8
まく,7
すでに,7
馴染む,7
がっつく,7
向ける,7
なじむ,7
迷う,7
当日,7
一言,7
過ぎ,7
豆乳,7
後輩,7
え,7
男,7
おすそ分け,7
香り,7
まるで,7
ハーフ,7
永久,7
ラズベリー,7
祝い事,7
お陰,7
月,7
きっと,7
７,7
回り,7
パサパサ,7
でこぼこ,7
期待,7
付き,7
担当,7
星,7
すい,7
経つ,7
流石,7
ミ,7
プレート,7
やはり,7
義,7
なぜ,7
嵐,7
興奮,7
ドーム,7
猫,7
数える,7
崩れる,7
小枝,7
はまる,7
週,7
七,7
仕事,7
ほっぺた,7
代わり,7
確か,7
切り口,7
勉強,7
系,7
頂ける,7
お陰様,7
妻,7
真ん中,7
ゆう,7
お茶,7
一昨年,7
ら,7
ごまかす,7
片想い,7
それでも,7
まわり,7
購入,7
ぬる,7
キャラ,7
高校生,7
料理,7
活躍,6
アイス,6
きる,6
シロップ,6
祖父,6
倍増,6
がけ,6
残す,6
くるみ,6
かい,6
食い初め,6
兼ねる,6
初節句,6
おちる,6
アンパン,6
入学,6
炊飯,6
解説,6
噂,6
一生,6
調子,6
とまる,6
くださる,6
お礼,6
いち,6
お家,6
温める,6
８,6
ぜひ,6
バラ,6
小麦粉,6
まだまだ,6
双子,6
とこ,6
今後,6
急遽,6
普通,6
削る,6
オーブン,6
しす,6
もう一度,6
もん,6
加える,6
安心,6
種類,6
あまりに,6
退院,6
３つ,6
ようやく,6
ほう,6
文字,6
あふる,6
そのまま,6
同じ,6
目指す,6
くま,6
だす,6
おう,6
兄ちゃん,6
ここ,6
ガタガタ,6
製作,6
気持ち,6
五,6
三男,6
もったいない,6
外,6
ミキサー,6
花,6
はやい,6
並み,6
日記,6
新年,6
愛,6
固め,6
恒例,6
いとこ,6
末っ子,6
っぷり,6
欲張る,6
バク,6
塗り,6
控える,6
渡せる,6
色々,6
薄い,6
あれ,6
ご馳走さま,6
低,6
まあ,5
あの,5
ロウソク,5
立てる,5
メリークリスマス,5
全然,5
けど,5
来月,5
素,5
理由,5
戴く,5
ソース,5
恥ずかしい,5
届ける,5
ちゃ,5
部分,5
おしい,5
ど,5
かる,5
ホッ,5
恋人,5
味わい,5
褒美,5
本,5
雪,5
義妹,5
一瞬,5
サン,5
堪能,5
ホーム,5
薔薇,5
調整,5
飾りつける,5
米,5
勘違い,5
声,5
義姉,5
泣く,5
前々,5
もはや,5
先週,5
染み込む,5
必要,5
小さめ,5
第,5
立派,5
中２,5
ピカ,5
安い,5
欲しい,5
明後日,5
おめでとう,5
文句,5
割,5
思い出,5
さっそく,5
斜め,5
苦労,5
平ら,5
会う,5
奥,5
キャラメル,5
来週,5
リボン,5
やみ,5
うっとり,5
半,5
ペン,5
降る,5
じ,5
勢い,5
ナシ,5
近い,5
知る,5
最近,5
ほしい,5
デビュー,5
コメ,5
余り,5
手動,5
殺る,5
贈る,5
泡,5
不安,5
たび,5
ぱくぱく,5
付き合う,5
砕く,5
夜中,5
今週,5
クラス,5
ハンド,5
イチ,5
つい,5
均,5
しぼむ,5
辛口,5
受験,5
メロメロ,5
伝わる,5
実現,5
少なめ,5
卵黄,5
一つ,5
分離,5
知らず,5
分ける,5
アメリカ,5
とも,5
下手くそ,5
イブ,5
お願い,5
鼻高々,5
あま,5
ミス,5
ほんま,5
中学生,5
済み,5
振り,5
感じる,5
サンタ,5
ハプニング,5
緊張,5
箱,5
得意,5
飽きる,5
厚い,5
脂肪,5
まぶす,5
ハッピー,5
義弟,4
皆様,4
全体,4
しっと,4
省略,4
作りたて,4
むっちゃ,4
達成,4
切り分ける,4
再び,4
終わる,4
愛犬,4
くどい,4
のる,4
囲む,4
かたい,4
晴,4
上げる,4
出来栄え,4
後で,4
有る,4
巨大,4
イイ,4
がる,4
焦る,4
いろんな,4
差し入れる,4
ケチ,4
爪楊枝,4
ぢ,4
叫ぶ,4
名,4
メッセージ,4
中学,4
投入,4
ダーク,4
あー,4
さっぱり,4
エンゼル,4
急,4
かねる,4
登場,4
紅茶,4
美しい,4
ロースト,4
別,4
大学,4
来客,4
随分,4
わぁ,4
満点,4
化,4
意味,4
太鼓判,4
照,4
史上,4
自家製,4
お持たせ,4
らしい,4
本気,4
なん,4
なんで,4
控え目,4
姑,4
級,4
なお,4
最初,4
渡し,4
勧める,4
所,4
大きめ,4
依頼,4
均等,4
どれ,4
とにかく,4
あたし,4
寝かす,4
特大,4
部員,4
クマ,4
いす,4
げ,4
スる,4
主役,4
株,4
活用,4
白い,4
夢,4
等分,4
百,4
ラップ,4
ウケ,4
夕食,4
配分,4
ねだる,4
やわらかい,4
乗る,4
魔法,4
状態,4
越える,4
仲間,4
食う,4
なめらか,4
なか,4
スキ,4
ひととき,4
僕,4
・,4
食い,4
ゴージャス,4
クランベリー,4
今頃,4
アリガトウ,4
方法,4
字,4
思い出す,4
いろいろ,4
ひとつ,4
指,4
狙う,4
プラス,4
あぁ,4
奪い合い,4
悔しい,4
一応,4
問題,4
家庭,4
ディナー,4
ちょこっと,4
間違う,4
登録,4
じゃう,4
件,4
力,4
諦める,4
一口,4
選ぶ,4
消える,4
はじめまして,4
似顔絵,4
チェリー,4
ぺろっと,4
兼,4
こりゃ,4
同時に,4
心,4
下さる,4
いっこ,4
ブルーベリー,4
やや,4
評価,4
怖い,4
結果,4
殺到,4
見せる,4
マッチ,4
増量,4
さす,4
手軽,4
率,4
テスト,4
力作,4
段々,4
流れる,4
ピッタリ,4
取り合い,4
久,4
ベルギー,4
季節,4
センス,4
少々,4
全て,4
丸い,4
おじいちゃん,4
超える,4
ド,4
慌てる,4
詳細,4
者,4
紹介,4
仲良し,4
絞る,4
固める,4
助ける,4
届け,4
トップ,4
メチャメチャ,4
大量,4
うるさい,4
ツヤ,4
ねかせる,4
むせる,4
効く,4
カフェ,4
愛嬌,4
省く,4
どうしても,4
がたがた,4
まさかの,4
姫,4
秒,4
モン,4
鬼,4
まんま,4
長方形,4
ひる,4
ァ,3
振りかける,3
分の,3
同期,3
ところ,3
日間,3
なめる,3
式,3
２月,3
お洒落,3
しいる,3
チン,3
フランス,3
命,3
足らず,3
流す,3
アップ,3
み,3
レ,3
下段,3
なに,3
自慢,3
撮影,3
慣れる,3
タイトル,3
是非,3
初手,3
珍しい,3
ペ,3
出逢う,3
ちゃんこ,3
ちっちゃい,3
ひな,3
落とす,3
まじ,3
遠い,3
ひとり,3
ワタ,3
シ,3
平気,3
見かけ,3
ニコニコ,3
いちばん,3
穴,3
宣言,3
変身,3
風味,3
七夕,3
一度,3
売り切れ,3
暑い,3
男の子,3
母親,3
１つ,3
ミッキー,3
尊敬,3
増やす,3
具合,3
無言,3
挨拶,3
いただける,3
振るう,3
我,3
まくり,3
おまけ,3
マイ,3
こす,3
鱗,3
場合,3
見れる,3
あがる,3
とり,3
裏切る,3
告白,3
真っ黒,3
ナッシュ,3
危険,3
質問,3
でる,3
ハズ,3
試す,3
もちもち,3
妊娠,3
加減,3
おめかし,3
外国,3
大成,3
功,3
過,3
かむ,3
マネ,3
まったり,3
ベビー,3
御馳走,3
派,3
調理,3
師,3
トースター,3
勿論,3
珈琲,3
お雛様,3
遠距離,3
クック,3
リキュール,3
卒,3
園,3
約,3
ひと,3
女,3
かん,3
無類,3
機嫌,3
すそ,3
衝撃,3
どー,3
どうして,3
お母様,3
ダイエット,3
歴代,3
どんどん,3
夏,3
低い,3
ｇ,3
鍋,3
コメント,3
付く,3
片思い,3
ふわっと,3
謝る,3
トロ,3
王道,3
もうすぐ,3
考える,3
夢中,3
牛乳パック,3
チョー,3
かなう,3
柔らか,3
ほんとう,3
焦げる,3
しそ,3
画像,3
見つかる,3
甘酸っぱい,3
自作,3
果物,3
愛す,3
仕事場,3
入手,3
ちび,3
だけど,3
凝る,3
便利,3
末,3
気付く,3
しかし,3
方々,3
正解,3
数多い,3
ツリー,3
惚れる,3
フワッ,3
歪む,3
死ぬ,3
正月,3
帰省,3
なんと,3
邪魔,3
演習,3
争奪,3
戦,3
のっける,3
作業,3
子育て,3
どきどき,3
無性,3
持ち運び,3
制作,3
ばれる,3
づらい,3
胃袋,3
ついてる,3
内緒,3
無理,3
ああ,3
申し訳,3
好く,3
違い,3
むちゃくちゃ,3
立体,3
たて,3
連投,3
プードル,3
日本,3
ボソボソ,3
むちゃ,3
テンション,3
信じる,3
くり抜く,3
ツボ,3
左,3
ショック,3
祝う,3
成形,3
大喜,3
同様,3
真似,3
極める,3
応える,3
注文,3
速攻,3
トナカイ,3
多分,3
厳しい,3
無,3
塩,3
ゴメン,3
さい,3
ココナッツ,3
大晦日,3
納める,3
年末,3
タイム,3
秘密,3
日頃,3
つかむ,3
りん,3
パ,3
頭,3
見直す,3
ベタ,3
赤ちゃん,3
生まれ,3
塗りたくる,3
幼稚園,3
ラブ,3
ほる,3
心配,3
ぐちゃぐちゃ,3
毎月,3
弾力,3
きたない,3
傾く,3
直後,3
訪問,3
パン,3
瞬間,3
ウチ,3
カスタード,3
ガツガツ,3
在住,3
遊び,3
軽,3
柄,3
ン,3
なので,3
デザイン,3
なり,3
姉妹,3
ワイン,3
生産,3
寒い,3
艶,3
だま,3
ぴりぴり,3
応え,3
浮気,3
かく,3
歪,3
のれる,3
連呼,3
口溶け,3
間に合う,3
上品,3
ちなみに,3
塗れる,3
かつ,3
最適,3
あっと言う間に,3
知人,3
ドイツ,3
すーっ,3
うい,3
要,3
こってり,3
ごまかし,3
デコボコ,3
おしゃれ,3
なんど,3
ありがたい,3
銀婚式,3
レーズン,3
レベル,3
とい,3
始めて,3
入,3
ベース,3
刻む,3
ひっくり返す,3
わり,3
ブラウン,3
ズレる,3
要望,3
ひく,2
浮かぶ,2
ニンマリ,2
気絶,2
性,2
余裕,2
つかう,2
本当は,2
父様,2
匂い,2
同じく,2
後悔,2
有名,2
トースト,2
馴染み,2
歓声,2
バランス,2
何で,2
キッチン,2
出張,2
もと,2
昨夜,2
等,2
ミックス,2
アザ,2
ラン,2
つり,2
大分,2
膨れる,2
旦,2
もめる,2
そんな,2
生きる,2
マーク,2
まい,2
作り上げる,2
食後,2
一人暮らし,2
発見,2
ごちそう様,2
恋,2
仲間入り,2
たった,2
ねる,2
平らげる,2
嬢,2
売,2
節句,2
しみる,2
舌鼓,2
まみれ,2
蝋燭,2
たてる,2
リング,2
ろ,2
あす,2
どおり,2
ぼける,2
お宝,2
坊,2
小学生,2
たす,2
ボール,2
小さな,2
バリ,2
段階,2
カナダ,2
弾,2
切れ目,2
サイド,2
小躍り,2
重ね,2
よ,2
短縮,2
言える,2
判る,2
変化,2
こう,2
つやつや,2
食する,2
経過,2
あふれる,2
格別,2
つつく,2
品目,2
旅行,2
よれる,2
若干,2
フライング,2
増す,2
どの,2
散らす,2
売り切れる,2
クセ,2
どちら,2
春,2
イメージ,2
癒す,2
ガ,2
盛り上がる,2
さりげ,2
ムラ,2
過ごす,2
すう,2
カレシ,2
奇麗,2
悪戦苦闘,2
ダメ,2
ヵ月,2
ごちそう,2
どっさり,2
ぼこぼこ,2
デカ,2
しあわせ,2
すばらしい,2
当然,2
腰,2
ショートケーキ,2
手際,2
一層,2
おろす,2
おる,2
混ざる,2
パッド,2
マーブル,2
寝る,2
自然,2
分割,2
従姉妹,2
小学校,2
まう,2
ふりかける,2
発,2
たん,2
注意,2
うる,2
わけ,2
あまりの,2
遂に,2
信頼,2
くせ,2
初め,2
打つ,2
お気,2
常備,2
嫁入り,2
迎える,2
病み付き,2
おすすめ,2
本物,2
おきる,2
ごめん,2
婚約,2
将来,2
バカ,2
おっきい,2
我が,2
続出,2
扱う,2
ドライ,2
たる,2
黒,2
無性に,2
作品,2
人数,2
なにか,2
気合,2
切り落とす,2
もぉ,2
状,2
学級,2
閉鎖,2
禁止,2
暗い,2
どど,2
分つ,2
短時間,2
比べる,2
れこ,2
キウイ,2
きめる,2
二女,2
むずかしい,2
必須,2
ワラ,2
油,2
ちと,2
惨事,2
もうこ,2
とろっ,2
ひと足早い,2
クリスマスイブ,2
パンダ,2
増える,2
脱帽,2
魅了,2
つまむ,2
お手伝い,2
年間,2
外す,2
つぎ,2
惜しい,2
物凄い,2
ちょこちょこ,2
テカテカ,2
帰国,2
明け,2
集まり,2
実母,2
転勤,2
みかん,2
木苺,2
先日,2
煎る,2
なんか,2
仏,2
合作,2
師匠,2
長い,2
ずる,2
阪急,2
電車,2
チョット,2
先月,2
パリッ,2
熱い,2
きかせる,2
掴む,2
共同,2
メンズ,2
奮闘,2
一体,2
面白い,2
包む,2
強い,2
贈物,2
あっ,2
カ月,2
御馳走様,2
解凍,2
ば,2
カカオ,2
ついで,2
応援,2
わるい,2
父ちゃん,2
理想,2
笑み,2
ベスト,2
引き続き,2
笑む,2
作製,2
か月,2
だらけ,2
マーマレード,2
車,2
初める,2
並,2
じじ,2
わ,2
直径,2
でく,2
懲りる,2
ドリンク,2
払拭,2
いつか,2
祖父母,2
離れる,2
モカ,2
がかり,2
％,2
疑う,2
度々,2
ペース,2
がめ,2
非常,2
一時,2
重,2
庭,2
トロトロ,2
ウエディング,2
多目,2
意識,2
驚,2
ティラミス,2
姉さん,2
頑張れる,2
あり,2
別れ,2
困る,2
偉大,2
カラ,2
で,2
絵,2
しく,2
本間,2
朝食,2
書き,2
思いつく,2
入れ,2
とりあえず,2
色んな,2
罪,2
お隣,2
はりきる,2
わが家,2
含める,2
うに,2
みなさん,2
早,2
お年,2
走る,2
女の子,2
兄嫁,2
場,2
嫁さん,2
疲れる,2
ティー,2
原因,2
にこにこ,2
楽,2
上司,2
大小,2
陰,2
高校,2
包丁,2
ゆ,2
楽しめる,2
帰り,2
こめる,2
素人,2
奥さん,2
っぱなし,2
適当,2
とく,2
かれこれ,2
当,2
どぉ,2
なつ,2
取り,2
利用,2
ていっぱい,2
間食,2
やく,2
戦う,2
ゆるめる,2
退職,2
うつ,2
入園,2
自画,2
自賛,2
格闘,2
半月,2
義兄,2
実習,2
悩む,2
たんじょう,2
パフェ,2
父母,2
ショート,2
何故か,2
両家,2
ふかふか,2
たいらげる,2
済,2
妊婦,2
斬新,2
連日,2
こっそり,2
向け,2
昔,2
殿堂,2
制覇,2
起きる,2
孫,2
完全,2
モノ,2
相手,2
交際,2
書ける,2
何より,2
城,2
入院,2
関係,2
信者,2
きく,2
空く,2
まずまず,2
はっぴ,2
隣,2
あける,2
年初,2
ナイス,2
味わい深い,2
以降,2
掛け,2
つかめる,2
近く,2
予習,2
自信満々,2
時点,2
愛称,2
まっすぐ,2
店屋,2
いふ,2
じっくり,2
キューブ,2
ばる,2
劇,2
ヘルシー,2
シリコン,2
高める,2
丸々,2
べた,2
ピン,2
ボケ,2
うじうじ,2
そろそろ,2
隠れ,2
はじめる,2
ボロボロ,2
日持ち,2
きちんと,2
はぁ,2
一品,2
訳,2
口どけ,2
合わせる,2
ふるう,2
とれる,2
シフォン,2
ピアノ,2
凹む,2
アイデア,2
端,2
久し振り,2
思いの外,2
絶叫,2
力不足,2
むすこ,2
題名,2
冷える,2
課題,2
試し,2
入籍,2
べし,2
なめこ,2
得る,2
うっかり,2
練,2
手前,2
カメラ,2
けっこう,2
求める,2
濡れる,2
お金,2
高評,2
誤魔化す,2
あたためる,2
利く,2
行う,2
気軽,2
抜ける,2
答える,2
Ｘｍａｓ,2
多謝,2
いきる,2
反省,2
年越し,2
宜しい,2
突然,2
スムーズ,2
生かす,2
機会,2
報告,2
おもう,2
半々,2
空気抜き,2
改善,2
小分け,2
利,2
海外,2
分厚い,2
翌朝,2
厚み,2
長年,2
いま,2
染みる,2
ビビる,2
程よい,2
合間,2
ベリー,2
就職,2
内,2
アクセント,2
ステンシル,2
申,2
取り合う,2
やん,2
しとる,2
フレーク,2
苦い,2
洋梨,2
喜寿,2
結構,2
敬老,2
追加,2
借りる,2
きのこ,2
シュガー,2
幸,2
隙間,2
節約,2
隠れる,2
シート,2
シミ,2
鯛,2
均一,2
落ち着く,2
歳児,2
凸,2
際,2
ボリューム,2
すこし,2
魅力,2
要請,2
バタ,2
すっと,1
減量,1
くり,1
しみ込む,1
植物,1
コート,1
まき,1
本人,1
それなり,1
敏速,1
対応,1
ぶきっちょ,1
うれる,1
できあがる,1
ジューシー,1
コノ,1
ぼる,1
摩る,1
下ろす,1
あむ,1
１２月,1
わすれる,1
でっかい,1
週末,1
射止める,1
とろりん,1
吸う,1
アリ,1
解く,1
レン,1
何故,1
都合,1
来れる,1
お先に,1
どっか,1
うーん,1
交換,1
被る,1
夕べ,1
さぁ,1
近年,1
ともかく,1
上段,1
潰れる,1
うわさ,1
足す,1
喰う,1
へん,1
じゃん,1
タップリ,1
おんぶ,1
社長,1
ほろ苦い,1
兄貴,1
せい,1
現時点,1
結晶,1
紙,1
ガンガン,1
働く,1
あざ,1
いくら,1
我家,1
ネコ,1
朗報,1
におう,1
口ひげ,1
よーく,1
ブロック,1
ちいさい,1
染む,1
混む,1
ろうそく,1
黙々と,1
いっしょ,1
有頂天,1
さくらんぼ,1
わたす,1
原料,1
ダウン,1
かっこいい,1
箱入り,1
厚,1
追っかけ,1
むし,1
めった,1
そく,1
恐ろしい,1
付き合い,1
しし,1
昇進,1
ぬう,1
つま,1
ようじ,1
戦法,1
体験,1
ホレる,1
国際,1
ゆっくり,1
さわる,1
かくす,1
ハーモニー,1
勤続,1
パック,1
いつの間にか,1
祝える,1
法,1
ぜったい,1
ビッグ,1
手みやげ,1
はみでる,1
見立てる,1
懐かしい,1
がまん,1
きめ細か,1
せっせと,1
ゆるむ,1
沈む,1
フォン,1
ダン,1
早々,1
運ぶ,1
ちゃーん,1
おける,1
間もなく,1
再送,1
舅,1
この間,1
つや,1
減,1
冷蔵,1
続き,1
乗っける,1
手軽い,1
居酒屋,1
騒ぐ,1
ちの,1
掛ける,1
こぞる,1
ホワホワ,1
待望,1
ヤッター,1
最中,1
上がり,1
見切れる,1
ぜんまい,1
ざむらい,1
抑え,1
つくす,1
しみこむ,1
メール,1
不在,1
およぶ,1
味わえる,1
三つ,1
尚,1
初回,1
まさか,1
風邪,1
治る,1
改めて,1
阪神,1
大勢,1
抑える,1
独身,1
良好,1
激賞,1
泣ける,1
夜な夜な,1
新天地,1
かみ締める,1
持込む,1
んじゃ,1
おっかける,1
送致,1
それにしても,1
抜かす,1
使い切る,1
月遅れ,1
体裁,1
保てる,1
びびる,1
手伝い,1
ちらほら,1
お墨付き,1
ハゲ,1
表現,1
どっち,1
ワクワク,1
はん,1
余す,1
だし,1
しっか,1
しゃする,1
写り,1
だせる,1
ほおばる,1
姿,1
食卓,1
尚更,1
買,1
わん,1
いむ,1
やり直し,1
男性,1
軍,1
呼ぶ,1
天狗,1
シン,1
ケン,1
ジャー,1
ストロベリー,1
確率,1
思い込む,1
証,1
成果,1
長崎,1
ウェディング,1
消費,1
手厳しい,1
悶絶,1
たり,1
ひん,1
持ち帰り,1
連鎖,1
もてる,1
キメる,1
スペシャル,1
サンクス,1
押す,1
表せる,1
ただ,1
単に,1
そこら,1
披露,1
あきる,1
称号,1
コップ,1
写る,1
産まれる,1
ＤＢ,1
泣き叫ぶ,1
横目,1
至福,1
隊,1
画,1
係,1
見当たる,1
金属,1
ボウル,1
発狂,1
幼馴染,1
期限切れ,1
新鮮,1
フライパン,1
頂戴,1
返事,1
カップル,1
耐熱,1
舐める,1
世界一,1
親子,1
のむ,1
百花,1
戻す,1
食い気,1
先行,1
すいさん,1
月末,1
熱烈,1
へた,1
瞬,1
冷凍庫,1
こむ,1
熊,1
無敵,1
会心,1
神戸,1
わい,1
彼岸,1
隠し,1
たくれる,1
ロ,1
端っこ,1
神様,1
まいる,1
短冊,1
マロン,1
ぐるぐる,1
巻く,1
外出,1
小２,1
伝言,1
家宝,1
結婚式,1
垂らす,1
集まれる,1
点てる,1
タコ,1
お出かけ,1
午後,1
ジャック,1
お決まり,1
前倒し,1
１月,1
漬け込む,1
こうして,1
試験,1
菓子,1
凝縮,1
焼,1
もたせる,1
種,1
像,1
実感,1
使い,1
グチャグチャ,1
，,1
県,1
白黒,1
メガ,1
戻る,1
得,1
トーマス,1
打ち上げる,1
スマ,1
とろい,1
備える,1
逢える,1
化粧,1
めんどい,1
グッド,1
ねんね,1
的確,1
指示,1
限界,1
南,1
島,1
スギ,1
キラキラ,1
綴り,1
あやしい,1
ナン,1
嫌,1
下る,1
くそ,1
もうす,1
ホンマに,1
有料,1
パー,1
まかる,1
やり直す,1
お呼ばれ,1
ザウルス,1
シメ,1
絶つ,1
対,1
景気,1
験,1
担ぐ,1
渡る,1
冷める,1
黙る,1
落ち,1
猛,1
吹雪,1
天国,1
エジプト,1
ピラミッド,1
リリー,1
記載,1
人達,1
ガン,1
ダム,1
お呼び,1
自体,1
待ち時間,1
分る,1
まじる,1
叔父,1
究極,1
満喫,1
腹,1
不動,1
感覚,1
暇,1
速,1
いきなり,1
アルミ,1
ぐずぐず,1
点く,1
がっしり,1
野菜,1
室,1
忍ぶ,1
まり,1
カナ,1
コンサート,1
刻み,1
蒸らす,1
すっぽり,1
オッサン,1
バス,1
予備,1
ふち,1
描く,1
小５,1
小３,1
喫茶店,1
上物,1
あした,1
赤子,1
背負う,1
奪う,1
弟子,1
叫び声,1
そんなに,1
甘ったるい,1
くぎづけ,1
ブーム,1
ヘタ,1
最悪,1
手立て,1
差入れる,1
ける,1
名目,1
もっちり,1
クレープ,1
４つ,1
徹夜,1
一部,1
ＩＤ,1
味方,1
助っ人,1
逆,1
日大,1
思いっきり,1
ぼろぼろ,1
眺める,1
見目,1
待ち,1
奪い合う,1
光,1
与える,1
貼る,1
生き物,1
乗り物,1
換える,1
きまり,1
食初め,1
美容,1
作り直す,1
たぬき,1
そういう,1
市松,1
模様,1
すがる,1
雛祭,1
こないだ,1
みほ,1
鈴,1
まず,1
ちい,1
過去,1
満面,1
赤ワイン,1
パワーアップ,1
プチプチ,1
振舞う,1
勧め,1
製菓,1
浮き,1
摘み食い,1
スコッチ,1
計,1
羽目,1
くずれる,1
とたん,1
いと,1
上出,1
商売,1
引越し,1
目今,1
立,1
必ずや,1
何とも,1
ボー,1
おぉ,1
にっこり,1
かじる,1
前祝い,1
あたる,1
花形,1
これぞ,1
王様,1
よる,1
トラウマ,1
叔母,1
鯉のぼり,1
まとめる,1
研究,1
手頃,1
トイ,1
暫し,1
暮らす,1
思い残す,1
近,1
誘惑,1
萌,1
ひび割れ,1
お腹,1
人前,1
住人,1
ただただ,1
調度,1
用意,1
競争,1
まね,1
じつは,1
如何,1
食べ頃,1
薄茶,1
協力,1
ボーイフレンド,1
がんばれる,1
残酷,1
まるい,1
ほど,1
インド,1
ファースト,1
フラッシュ,1
わかり易い,1
向日葵,1
何気ない,1
夏場,1
いやー,1
画質,1
薄める,1
頷ける,1
すっぱい,1
切らす,1
こだわる,1
何もかも,1
なんら,1
デンマーク,1
仮面ライダー,1
森,1
ガール,1
暗記,1
バイキン,1
こぼれる,1
ボロい,1
ライダー,1
ピンク,1
ブレンド,1
引っ越し,1
全身,1
うさぎ,1
かこ,1
エプロン,1
こっくり,1
リエ,1
チエ,1
寸前,1
懇願,1
キモ,1
病みつき,1
騙す,1
遊ぶ,1
帽子,1
無理やり,1
愛娘,1
ｗ,1
宝,1
私用,1
満載,1
リアクション,1
既,1
製品,1
従妹,1
決行,1
飲む,1
ぶる,1
だって,1
仲直り,1
大わらわ,1
わーい,1
呼べる,1
代物,1
キメ細かい,1
授業,1
後ろ,1
ビン,1
やって来る,1
原型,1
とどめる,1
ワイルド,1
両方,1
若い,1
際立つ,1
けちる,1
細い,1
緊急,1
事態,1
お子さん,1
欠く,1
おそらく,1
ゆがむ,1
曰く,1
永遠,1
ワンピース,1
隠蔽,1
グループホーム,1
オススメ,1
俺,1
旗,1
乳製品,1
ノン,1
オイル,1
メイン,1
忙しい,1
ズルッ,1
年明け,1
昨冬,1
買い,1
到来,1
一同,1
スキー,1
すもう,1
センター,1
終了,1
受ける,1
忘年会,1
好い,1
持ち越す,1
即日,1
別物,1
オン,1
仕上り,1
中３,1
滑らか,1
即効,1
面倒,1
只今,1
聞きつける,1
いざ,1
立て続け,1
背景,1
水,1
ｃｃ,1
やっとこ,1
バレ,1
恥,1
はう,1
売れ行き,1
上々,1
こういう,1
両側,1
攻める,1
横向き,1
シリーズ,1
汽車,1
断言,1
缶詰,1
分け,1
へんてこ,1
きりぬく,1
中１,1
らい,1
柔かい,1
正確,1
お手本,1
お薦め,1
しかた,1
ふるい,1
奨め,1
和,1
太鼓,1
出費,1
かさむ,1
われる,1
笑える,1
想い,1
しばらく,1
揃う,1
悩み,1
皮,1
驚愕,1
下がる,1
習い事,1
恩,1
知れる,1
せんべい,1
崩す,1
すぐさま,1
追,1
鷲掴み,1
限り,1
あや,1
無惨,1
懇談,1
注入,1
次第,1
ひな壇,1
まんなか,1
３月,1
芸,1
ろう,1
行き,1
ひつ,1
こい,1
筋肉,1
痛,1
教,1
必死,1
二男,1
果たせる,1
シュー,1
あやい,1
人組,1
ころ,1
杯,1
引越す,1
でき,1
おと,1
あん,1
足元,1
歩く,1
堪る,1
取合い,1
目覚める,1
最終,1
だする,1
ひろ,1
むす,1
御祝い,1
づくし,1
おばさん,1
一気,1
大きな,1
ピース,1
勇気,1
とんでも,1
かお,1
ほろ,1
苦,1
切,1
不満,1
しょ,1
従弟,1
疲れ,1
胃,1
試合,1
必勝,1
祈願,1
パワー,1
従兄弟,1
とんがる,1
参照,1
未,1
バイオリン,1
弾く,1
爆発,1
絶美,1
裏切り,1
お盆,1
従姉,1
毎週,1
パートナー,1
おみやげ,1
取れる,1
せめて,1
感涙,1
台風,1
ふっとぶ,1
そっくり,1
読書,1
正に,1
ブラジル,1
魔,1
こんにちは,1
かりる,1
もれる,1
シンデレラ,1
ぐちゃっ,1
記事,1
拝見,1
御座る,1
ブラ,1
まし,1
加工,1
ふか,1
テーマ,1
道具,1
試行錯誤,1
よお,1
ラガー,1
年内,1
桁,1
おっぱい,1
右,1
家屋,1
デモ,1
殆ど,1
元,1
情けない,1
予感,1
再会,1
イヤ,1
上部,1
堅め,1
頬張る,1
はい,1
くっつく,1
どす,1
病院,1
あさって,1
えび,1
予算,1
ひび,1
ことし,1
白鼻,1
張り切る,1
尋常,1
一家,1
梅酒,1
金ぱく,1
口当たり,1
おば,1
新,1
元旦,1
一族,1
糸,1
屑,1
だれ,1
きたん,1
いくつ,1
胸,1
ストック,1
絶句,1
飼う,1
仲良く,1
過ごせる,1
充分,1
価値,1
気味,1
はじめ,1
休み,1
迫力,1
再度,1
たぶん,1
節分,1
ボックス,1
一生懸命,1
ちょっぴり,1
グミ,1
さわやかさ,1
めでたい,1
むかえる,1
ゴム,1
ベラ,1
箱入り娘,1
深い,1
迷い,1
極上,1
耐える,1
中国人,1
聞ける,1
づくり,1
送信,1
おもしろい,1
憂鬱,1
敵,1
ＳＰ,1
刺さる,1
楊子,1
かけ,1
ちや,1
格段,1
荒れる,1
観察,1
勿体,1
中華,1
ちり,1
うなずく,1
見つける,1
扱く,1
中央,1
絆,1
人力,1
ひっくり返る,1
回せる,1
うめ,1
蝶,1
フラワー,1
中大,1
掛かる,1
新幹線,1
へっ,1
なす,1
遅ればせながら,1
自ら,1
つれる,1
みせる,1
お初,1
さける,1
買える,1
てん,1
亀,1
密か,1
色付け,1
ひそか,1
トラ,1
探せる,1
すげる,1
まして,1
控,1
お疲れ様,1
わける,1
エール,1
溶け,1
版,1
たよる,1
一目,1
おわる,1
さる,1
ウルトラマン,1
引退,1
拷問,1
放置,1
麻薬,1
みつ,1
シック,1
切に,1
冷やせる,1
引っ越す,1
ぱくる,1
曾祖母,1
定期,1
欲する,1
機能,1
凌ぐ,1
調節,1
かこつける,1
食らう,1
夢みる,1
独り暮らし,1
狭い,1
ねぇ,1
やかす,1
滲む,1
寂しい,1
ヒゲ,1
デブ,1
まっしぐら,1
室温,1
深夜,1
むっちり,1
複雑,1
ロー,1
ソク,1
食欲,1
勝つ,1
どういう,1
バニラ,1
格子,1
ごたえ,1
消去,1
開く,1
盗む,1
消す,1
ナンバーワン,1
確認,1
キュラソー,1
台所,1
好き嫌い,1
かたまる,1
鼻,1
自力,1
機械,1
ぬく,1
私的,1
おお,1
中途半端,1
応用,1
出席,1
家事,1
育児,1
怪しげ,1
ごとし,1
叶う,1
切れ端,1
ショコラ,1
三十路,1
もち,1
かろうじて,1
賞賛,1
真っ直ぐ,1
昇任,1
フェイス,1
ブック,1
全,1
全国,1
大会,1
終える,1
湯煎,1
事なき,1
モチモチ,1
威力,1
暖める,1
未熟,1
ポッキー,1
十分,1
餞別,1
残暑,1
ぐるり,1
紗,1
九州,1
頼る,1
うもれる,1
みえる,1
かけす,1
手放せる,1
リハーサル,1
全量,1
ばば,1
惜しむ,1
レンジ,1
気合い,1
４月,1
ウル,1
イギリス,1
塗,1
確保,1
ほれる,1
しめる,1
クルクル,1
嫁ぐ,1
代,1
ベトナム,1
各,1
ヘビー,1
苦笑,1
丸ごと,1
かぎる,1
やける,1
持ち運ぶ,1
ロール,1
マース,1
義実,1
ひし形,1
豆腐,1
最早,1
ダッシュ,1
デート,1
上乗せ,1
授乳,1
なのに,1
千,1
円,1
値,1
あんま,1
くう,1
あまる,1
ペースト,1
スウェーデン,1
へび,1
はっ,1
アイシング,1
フィリピン,1
国,1
ほろほろ,1
たりる,1
仕込む,1
密,1
可笑しい,1
今さら,1
もどき,1
まつ,1
ナイ,1
きりん,1
平に,1
える,1
手製,1
幼なじみ,1
シュークリーム,1
オシャレ,1
サクサク,1
図,1
漬け,1
兄弟,1
つと,1
やめ,1
葉,1
クローバー,1
ななめ,1
水分,1
トン,1
出来映え,1
ぶつぶつ,1
顔つき,1
待機,1
なんだか,1
とくに,1
ひと安心,1
アクシデント,1
垂れる,1
じする,1
嫌う,1
楊枝,1
いっき,1
チップ,1
全く,1
具合い,1
さびる,1
先程,1
悲惨,1
さっき,1
たのしい,1
ペーパー,1
片付け,1
パン粉,1
ブタ,1
呆れる,1
寮,1
レパートリー,1
紛らわす,1
プルプル,1
ぺちゃんこ,1
たった今,1
色気,1
世代,1
件数,1
羊,1
載る,1
ほどよい,1
のばせる,1
敢えて,1
ざっくり,1
挙げる,1
右往左往,1
既製,1
にやける,1
袋,1
買い占める,1
とめ,1
明,1
何ら,1
ぶつ,1
溢れる,1
越,1
女性,1
軍用,1
兼用,1
難,1
こもる,1
ハッピ,1
がんがん,1
味わう,1
突破,1
ファミリー,1
盛況,1
カンタン,1
周囲,1
ふさわしい,1
そのうち,1
パート,1
スーパー,1
広告,1
掲載,1
いっきに,1
住む,1
ひどい,1
めろめろ,1
六,1
きめ細かい,1
巡り会える,1
箇所,1
くらい,1
パレット,1
ナイフ,1
映え,1
更,1
監督,1
務める,1
サッカー,1
クラブ,1
チーム,1
退任,1
好,1
はるか,1
なみなみ,1
いたずら,1
間近,1
気づく,1
左側,1
海,1
分り,1
噴火,1
染み,1
レクレーション,1
入所,1
まわる,1
付き合える,1
予約,1
必至,1
浸す,1
またもや,1
モッチリ,1
茶こし,1
断層,1
米寿,1
その後,1
酸味,1
夢見る,1
がん,1
幼い,1
仕方,1
くだ,1
金曜日,1
日曜日,1
掴める,1
在米,1
進学,1
進級,1
バスケ,1
中止,1
ピート,1
小豆,1
新築,1
かんじる,1
水飴,1
異動,1
最高峰,1
宮参り,1
キノコ,1
直接,1
薄力粉,1
激つ,1
連休,1
博多,1
苦み,1
アイドル,1
たく,1
不機嫌,1
だんだん,1
怒る,1
混合,1
使いで,1
招く,1
かぶりつく,1
決,1
愛車,1
まめ,1
吃驚,1
抱っこ,1
だから,1
ちぎる,1
くだく,1
動的,1
身内,1
跡,1
あえて,1
空手,1
みるく,1
コンポート,1
映える,1
あわ,1
特権,1
けずる,1
併せる,1
批評,1
げき,1
またも,1
冷す,1
ディズニー,1
前夜祭,1
色合い,1
まずは,1
有,1
切り分け,1
唸る,1
至上,1
特訓,1
剥がれる,1
ウッド,1
と絶,1
讃,1
唯一,1
難い,1
出直す,1
キット,1
くだす,1
手が込む,1
年齢,1
病みつく,1
帰宅,1
飛び出る,1
におい,1
向かい,1
問い,1
フラット,1
すがめる,1
こねる,1
盛大,1
はれる,1
撮れる,1
生かせる,1
チリ,1
丸める,1
専用,1
昨晩,1
人形,1
ボディ,1
夕方,1
ババロア,1
尾崎,1
ついつい,1
かた,1
ヒント,1
アテ,1
さら,1
父さん,1
恋しい,1
半減,1
テレビ,1
どうにか,1
たけ,1
戦争,1
筍,1
勝利,1
わが子,1
わざわざ,1
誘う,1
幅広い,1
クラッシュ,1
献上,1
バー,1
遠慮ない,1
あやす,1
角形,1
バン,1
園児,1
リース,1
気がつく,1
パンプキン,1
シード,1
溶かす,1
ゼリー,1
酒飲み,1
形がい,1
ケンタッキー,1
乳,1
脂,1
はで,1
行事,1
タイミング,1
頃,1
持ち運べる,1
膨らます,1
こりる,1
しまる,1
ブッシュ,1
ノエル,1
近寄る,1
検討,1
様々,1
大台,1
漸く,1
金,1
氷菓子,1
コテコテ,1
まてる,1
しゅん,1
ぐにゃぐにゃ,1
眠らせる,1
煮る,1
林檎,1
ぞっこん,1
ぺしゃんこ,1
修復,1
滑り落ちる,1
かう,1
里帰り,1
素材,1
半端,1
締めくくり,1
満々,1
玉,1
払う,1
のける,1
なるほど,1
一晩,1
年始,1
側,1
頂,1
前作,1
歩,1
なみ,1
持寄る,1
倒す,1
強,1
ふーん,1
安価,1
故障,1
空気,1
なごむ,1
シェア,1
出会う,1
容器,1
様子,1
汚らしい,1
親族,1
贈れる,1
マイヤーズ,1
以来,1
平が,1
顔負け,1
困惑,1
絶える,1
めんどくさい,1
避ける,1
洋菓子,1
おかあさん,1
埋もれる,1
届く,1
超絶,1
ライン,1
例年,1
通,1
ドーン,1
工夫,1
匹敵,1
真横,1
お粗末,1
わくわく,1
アンバランス,1
行程,1
女のコ,1
トロリ,1
えっ,1
まかせる,1
柴犬,1
手づくり,1
エッセンス,1
中間,1
夜勤,1
黒い,1
なつかしい,1
似る,1
からめる,1
ココナツ,1
コンビ,1
くりぬく,1
あっと,1
開催,1
パサッ,1
ちょくちょく,1
中段,1
立つ,1
覆う,1
細やか,1
愛用,1
やさしい,1
みれる,1
自己,1
満,1
あらためて,1
ほんの,1
始め,1
四苦八苦,1
磨く,1
背,1
またす,1
ぱさつく,1
連中,1
ダントツ,1
同時,1
重宝,1
問う,1
にじむ,1
杏,1
苦味,1
大雪,1
雰囲気,1
回数,1
何時も,1
凍る,1
傑作,1
ヒビ,1
フォーク,1
快気,1
あわさる,1
まつり,1
みな,1
くばる,1
絵心,1
岩,1
精進,1
御免,1
なおす,1
案外,1
ゆき,1
きんこ,1
謝恩,1
ふり,1
もっか,1
おじさん,1
プレー,1
頬,1
ピーナッツ,1
さよなら,1
硬め,1
字余り,1
愛敬,1
バイキング,1
ほんのり,1
ほわほわ,1
物見,1
とびきり,1
多,1
やめる,1
費,1
偶然,1
付け,1
山,1
あたり,1
感無量,1
講評,1
内臓,1
総体,1
まったく,1
仰天,1
兜,1
越し,1
いまさら,1
マスター,1
どん,1
組み合わせ,1
九,1
付,1
乾杯,1
畑,1
出かける,1
見やすい,1
限る,1
どんな,1
おーい,1
しかる,1
アメリカン,1
選び方,1
あんず,1
取り出し,1
破れる,1
華やか,1
今朝,1
知り合い,1
退屈,1
辛い,1
世界,1
拡散,1
日にち,1
バンド,1
欲張り,1
野球,1
少年,1
まばら,1
はめる,1
馳走,1
激高,1
